match_id,player,runs,balls,fours,sixes,SR,Dismissal Type,MVP
21158832,Prasad SK,39,39,3,1,100.00,Bowled,3.9
21158832,K Natarajan,30,14,1,3,214.29,Caught,3.48
21158832,VK,5,7,0,0,71.43,Bowled,0.5
21158832,daniel,14,20,0,0,70.00,Stumped,1.4
21158832,Vivek H,4,5,0,0,80.00,Run Out,0.4
21158832,Vancheeswaran,4,6,0,0,66.67,Run Out,0.4
21158832,Vignesh Weekend Wickets,3,5,0,0,60.00,Caught,0.3
21158832,Shankar,5,3,1,0,166.67,Stumped,0.56
21158832,Vaidy,5,11,0,0,45.45,Bowled,0.5
21158832,Srinivasan V,0,2,0,0,0.00,Caught,0.0
21158832,Krishnan,0,3,0,0,0.00,Not Out,0.0
21175590,Prasad SK,23,20,3,0,115.00,Caught,2.3
21175590,K Natarajan,59,21,1,8,280.95,Caught,6.69
21175590,Vignesh Weekend Wickets,13,10,2,0,130.00,Bowled,1.38
21175590,daniel,14,26,1,0,53.85,Caught,1.4
21175590,Vivek H,10,6,1,1,166.67,Bowled,1.08
21175590,Siddhesh,37,38,2,2,97.37,Caught,3.7
21175590,Rahul,18,18,2,0,100.00,Bowled,1.8
21175590,Vaidy,12,23,1,0,52.17,Caught,1.2
21175590,Srinivasan V,12,17,0,0,70.59,Not Out,1.2
21175590,Shankar,5,5,1,0,100.00,Not Out,0.5
21360655,Rahul,0,2,0,0,0.00,Bowled,0.0
21360655,K Natarajan,6,3,0,1,200.00,Caught,0.7
21360655,VK,5,4,1,0,125.00,Caught & Bowled,0.55
21360655,daniel,7,20,1,0,35.00,Caught,0.7
21360655,Vignesh Weekend Wickets,2,7,0,0,28.57,Caught,0.2
21360655,Vancheeswaran,12,17,2,0,70.59,Caught,1.2
21360655,Sathya,13,12,2,0,108.33,Caught,1.42
21360655,Vivek H,22,28,3,0,78.57,Caught,2.34
21360655,Vaidy,7,37,0,0,18.92,Not Out,0.7
21360655,Shankar,4,4,1,0,100.00,Bowled,0.43
21360655,Krishnan,4,16,1,0,25.00,Caught,0.4
21373843,Rahul,55,58,4,0,94.83,Not Out,5.5
21373843,K Natarajan,5,6,1,0,83.33,Caught,0.5
21373843,VK,88,58,11,1,151.72,Not Out,8.8
22101156,Rahul,1,10,0,0,10.00,Caught,0.1
22101156,K Natarajan,4,9,0,0,44.44,Caught,0.4
22101156,Prasad SK,74,82,6,3,90.24,Bowled,7.4
22101156,daniel,31,32,4,0,96.88,Stumped,3.1
22101156,Vivek H,24,31,1,0,77.42,Not Out,2.4
22101156,Siddhesh,1,4,0,0,25.00,Caught,0.1
22101156,Vignesh Weekend Wickets,7,4,1,0,175.00,Bowled,0.78
22101156,Vaidy,1,1,0,0,100.00,Run Out,0.11
22101156,Shankar,1,3,0,0,33.33,Caught & Bowled,0.1
22101156,Krishnan,4,5,1,0,80.00,Bowled,0.4
22101156,Seenu,0,1,0,0,0.00,Not Out,0.0
22369880,Prasad SK,4,2,1,0,200.00,Bowled,0.45
22369880,K Natarajan,11,9,2,0,122.22,LBW,1.18
22369880,VK,7,5,1,0,140.00,Bowled,0.76
22369880,daniel,44,48,5,0,91.67,Bowled,4.4
22369880,Rahul,54,57,2,0,94.74,Caught,5.4
22369880,Vivek H,37,34,3,1,108.82,Caught,3.93
22369880,S. Adithya Geethan,17,13,2,0,130.77,Caught,1.83
22369880,Vignesh Weekend Wickets,6,5,1,0,120.00,LBW,0.64
22369880,Shankar,1,3,0,0,33.33,Caught,0.1
22369880,Vaidy,0,0,0,0,0.00,Not Out,0.0
22369880,Krishnan,0,4,0,0,0.00,Not Out,0.0
22527107,Prasad SK,67,76,6,2,88.16,Bowled,6.7
22527107,Rahul,0,1,0,0,0.00,Bowled,0.0
22527107,daniel,21,21,3,0,100.00,Caught,2.1
22527107,Siddhesh,3,8,0,0,37.50,Bowled,0.3
22527107,VK,1,3,0,0,33.33,Bowled,0.1
22527107,Vivek H,12,11,1,0,109.09,Caught,1.27
22527107,K Natarajan,0,1,0,0,0.00,Bowled,0.0
22527107,Vignesh Weekend Wickets,1,3,0,0,33.33,Bowled,0.1
22527107,Vaidy,17,28,1,0,60.71,Not Out,1.7
22527107,Seenu,2,2,0,0,100.00,Not Out,0.2
22774423,Prasad SK,52,49,8,0,106.12,Bowled,5.2
22774423,K Natarajan,16,14,1,1,114.29,Caught,1.6
22774423,VK,4,3,1,0,133.33,Bowled,0.43
22774423,Karthick Selvan,30,23,2,1,130.43,Caught,3.19
22774423,Rahul,21,25,1,0,84.00,Caught,2.1
22774423,Vignesh Weekend Wickets,30,28,2,1,107.14,Bowled,3.0
22774423,Siddhesh,19,22,1,0,86.36,Not Out,1.9
22774423,Vaidy,5,8,0,0,62.50,Run Out,0.5
22774423,Vivek H,8,7,0,0,114.29,Not Out,0.8
22836685,Prasad SK,7,6,1,0,116.67,Caught & Bowled,0.74
22836685,Rahul,52,51,6,0,101.96,Bowled,5.2
22836685,VK,16,8,3,0,200.00,LBW,1.77
22836685,daniel,31,33,5,0,93.94,Bowled,3.1
22836685,Vignesh Weekend Wickets,2,7,0,0,28.57,Caught,0.2
22836685,Vaidy,2,7,0,0,28.57,Bowled,0.2
22836685,Shankar,0,2,0,0,0.00,Bowled,0.0
22836685,K Natarajan,24,10,5,0,240.00,Bowled,2.7
22836685,Vivek H,3,6,0,0,50.00,Bowled,0.3
22836685,Seenu,2,4,0,0,50.00,Bowled,0.2
22836685,Krishnan,0,0,0,0,0.00,Not Out,0.0
22880223,VK,50,32,7,1,156.25,LBW,5.46
22880223,K Natarajan,2,5,0,0,40.00,Bowled,0.2
22880223,daniel,46,54,5,0,85.19,Stumped,4.6
22880223,Prasad SK,21,24,1,0,87.50,Caught,2.1
22880223,Vancheeswaran,3,5,0,0,60.00,Caught,0.3
22880223,Vignesh Weekend Wickets,9,13,0,0,69.23,Caught,0.9
22880223,Vanchy,5,10,0,0,50.00,Bowled,0.5
22880223,Seenu,9,9,1,0,100.00,Caught,0.9
22880223,Gopalakrishnan,2,8,0,0,25.00,Bowled,0.2
22880223,Krishnan,2,5,0,0,40.00,Bowled,0.2
22880223,Shankar,5,2,1,0,250.00,Not Out,0.57
23036235,Prasad SK,2,5,0,0,40.00,Run Out,0.2
23036235,K Natarajan,68,50,5,4,136.00,Caught,7.41
23036235,VK,0,3,0,0,0.00,LBW,0.0
23036235,daniel,11,12,2,0,91.67,LBW,1.17
23036235,Vignesh Weekend Wickets,6,8,0,0,75.00,Bowled,0.6
23036235,Vaidy,30,59,1,0,50.85,Caught,3.0
23036235,Vivek H,4,2,1,0,200.00,Caught & Bowled,0.45
23036235,Rajshekhar,7,19,0,0,36.84,Caught,0.7
23036235,Seenu,1,4,0,0,25.00,Bowled,0.1
23036235,Shankar,3,13,0,0,23.08,Bowled,0.3
23036235,Krishnan,0,3,0,0,0.00,Not Out,0.0
23174502,daniel,44,48,5,0,91.67,Bowled,4.4
23174502,K Natarajan,14,12,3,0,116.67,Caught,1.49
23174502,Rajshekhar,3,9,0,0,33.33,Bowled,0.3
23174502,Prasad SK,39,31,4,0,125.81,Caught,4.17
23174502,Vignesh Weekend Wickets,13,16,1,0,81.25,Caught,1.3
23174502,Karthick Selvan,1,2,0,0,50.00,Run Out,0.1
23174502,Vancheeswaran,6,15,0,0,40.00,LBW,0.6
23174502,Siddhesh,13,14,2,0,92.86,Bowled,1.3
23174502,Vivek H,28,23,4,0,121.74,Not Out,2.99
23174502,Vaidy,6,11,1,0,54.55,Not Out,0.6
23600874,Vancheeswaran,16,29,0,0,55.17,Caught,1.6
23600874,K Natarajan,28,29,5,0,96.55,Bowled,3.01
23600874,VK,1,5,0,0,20.00,Bowled,0.1
23600874,daniel,4,7,0,0,57.14,Caught,0.4
23600874,Vivek H,29,32,3,0,90.62,Caught,3.11
23600874,Rahul,21,51,0,0,41.18,Caught,2.1
23600874,Vanchy,6,6,1,0,100.00,Run Out,0.65
23600874,Gopalakrishnan,0,5,0,0,0.00,Caught,0.0
23600874,Seenu,2,6,0,0,33.33,Bowled,0.2
23600874,Shankar,5,6,0,0,83.33,Not Out,0.53
23600874,Krishnan,5,5,1,0,100.00,Not Out,0.54
23672045,Prasad SK,0,2,0,0,0.00,Caught & Bowled,0.0
23672045,Vancheeswaran,56,59,5,0,94.92,Bowled,5.6
23672045,Siddhesh,21,32,2,0,65.62,Stumped,2.1
23672045,daniel,22,21,3,0,104.76,Run Out,2.34
23672045,Vivek H,34,37,0,2,91.89,Stumped,3.4
23672045,Vanchy,4,11,0,0,36.36,Bowled,0.4
23672045,Vaidy,16,14,1,0,114.29,Stumped,1.71
23672045,Gopalakrishnan,0,2,0,0,0.00,Bowled,0.0
23672045,Shankar,1,2,0,0,50.00,Not Out,0.1
24001485,Vancheeswaran,26,15,5,0,173.33,Caught,2.85
24001485,K Natarajan,19,14,4,0,135.71,Caught,2.05
24001485,Rahul,44,47,4,0,93.62,Caught,4.4
24001485,daniel,1,7,0,0,14.29,LBW,0.1
24001485,Vivek H,15,24,1,0,62.50,LBW,1.5
24001485,Siddhesh,27,30,4,0,90.00,Caught & Bowled,2.7
24001485,Vaidy,1,3,0,0,33.33,LBW,0.1
24001485,Vanchy,30,25,2,1,120.00,Bowled,3.2
24001485,Gopalakrishnan,5,7,1,0,71.43,Caught,0.5
24001485,Seenu,0,4,0,0,0.00,Run Out,0.0
24001485,Shankar,2,4,0,0,50.00,Not Out,0.2
24011448,Vancheeswaran,7,7,0,0,100.00,Bowled,0.7
24011448,K Natarajan,118,75,17,2,157.33,Caught,12.74
24011448,VK,12,10,2,0,120.00,Caught,1.27
24011448,daniel,28,31,2,0,90.32,Caught,2.8
24011448,Vivek H,0,4,0,0,0.00,Caught,0.0
24011448,Rahul,12,18,1,0,66.67,Caught,1.2
24011448,Vanchy,3,6,0,0,50.00,Run Out,0.3
24011448,Rajshekhar,7,11,1,0,63.64,LBW,0.7
24011448,Gopalakrishnan,1,4,0,0,25.00,Caught,0.1
24011448,Vaidy,5,5,0,0,100.00,Bowled,0.5
24011448,Shankar,2,4,0,0,50.00,Not Out,0.2
24386449,Vanchy,1,9,0,0,11.11,Caught,0.1
24386449,K Natarajan,0,1,0,0,0.00,Caught,0.0
24386449,VK,0,2,0,0,0.00,Bowled,0.0
24386449,daniel,15,28,2,0,53.57,Caught,1.5
24386449,Vaidy,1,7,0,0,14.29,Run Out,0.1
24386449,Rahul,3,13,0,0,23.08,Stumped,0.3
24386449,Vivek H,10,13,2,0,76.92,Bowled,1.08
24386449,Rajshekhar,1,4,0,0,25.00,Caught,0.1
24386449,Gopalakrishnan,13,11,1,0,118.18,Not Out,1.45
24386449,Seenu,0,2,0,0,0.00,Caught,0.0
24386449,Shankar,0,3,0,0,0.00,Bowled,0.0
24579299,Vancheeswaran,5,8,0,0,62.50,Caught,0.5
24579299,K Natarajan,110,53,12,5,207.55,Caught,12.05
24579299,VK,5,5,0,0,100.00,LBW,0.5
24579299,Rahul,3,14,0,0,21.43,Bowled,0.3
24579299,Vivek H,8,12,0,0,66.67,Caught,0.8
24579299,Vanchy,5,7,0,0,71.43,Caught & Bowled,0.5
24579299,Vaidy,2,4,0,0,50.00,Retired,0.2
24579299,Gopalakrishnan,18,14,2,0,128.57,Bowled,1.8
24579299,Seenu,18,21,1,0,85.71,Not Out,1.8
24579299,Shankar,9,10,1,0,90.00,Stumped,0.9
24579299,Krishnan,1,4,0,0,25.00,Not Out,0.1
24647310,Rahul,17,19,2,0,89.47,LBW,1.8
24647310,K Natarajan,2,4,0,0,50.00,Caught,0.2
24647310,VK,0,4,0,0,0.00,Caught,0.0
24647310,daniel,69,71,9,0,97.18,Caught,7.35
24647310,Vivek H,15,12,3,0,125.00,Caught,1.63
24647310,Siddhesh,8,16,0,0,50.00,Bowled,0.8
24647310,Vanchy,3,6,0,0,50.00,Caught,0.3
24647310,Gopalakrishnan,13,12,1,0,108.33,LBW,1.39
24647310,Seenu,1,3,0,0,33.33,Caught & Bowled,0.1
24647310,Shankar,16,15,2,0,106.67,Bowled,1.71
24647310,Krishnan,6,14,1,0,42.86,Not Out,0.6
25304101,Vancheeswaran,8,9,0,0,88.89,Caught,0.8
25304101,K Natarajan,6,4,1,0,150.00,Bowled,0.65
25304101,VK,60,55,4,2,109.09,Bowled,6.0
25304101,daniel,66,78,6,0,84.62,Caught,6.6
25304101,Rahul,14,11,0,1,127.27,Run Out,1.49
25304101,Syed Faheem,15,14,2,0,107.14,Caught,1.5
25304101,Siddhesh,1,4,0,0,25.00,Stumped,0.1
25304101,Syed Ayan,1,3,0,0,33.33,Run Out,0.1
25304101,Gopalakrishnan,1,2,0,0,50.00,Not Out,0.1
25304101,Shankar,0,2,0,0,0.00,Not Out,0.0
25393080,Gopalakrishnan,8,16,0,0,50.00,Caught & Bowled,0.8
25393080,K Natarajan,45,23,5,2,195.65,Run Out,4.99
25393080,VK,20,17,2,0,117.65,Caught,2.0
25393080,daniel,6,9,1,0,66.67,Caught,0.6
25393080,Vivek H,13,11,1,0,118.18,Caught,1.3
25393080,Syed Faheem,0,1,0,0,0.00,Bowled,0.0
25393080,Vanchy,24,21,2,0,114.29,Not Out,2.4
25393080,Syed Ayan,10,11,0,0,90.91,Bowled,1.0
25393080,Rahul,11,7,1,0,157.14,Caught,1.2
25393080,Vancheeswaran,5,4,0,0,125.00,Not Out,0.5
25517711,Vancheeswaran,0,2,0,0,0.00,Caught,0.0
25517711,K Natarajan,0,1,0,0,0.00,Caught,0.0
25517711,VK,0,1,0,0,0.00,Caught,0.0
25517711,daniel,4,2,1,0,200.00,Bowled,0.44
25517711,Siddhesh,16,14,3,0,114.29,Bowled,1.6
25517711,Rajshekhar,16,19,4,0,84.21,Caught,1.6
25517711,Vanchy,35,20,5,1,175.00,Caught,3.82
25517711,Gopalakrishnan,12,21,1,0,57.14,Run Out,1.2
25517711,Vivek H,8,6,2,0,133.33,Bowled,0.86
25517711,Shankar,0,7,0,0,0.00,Not Out,0.0
25517711,Krishnan,0,11,0,0,0.00,LBW,0.0
25546850,Vancheeswaran,5,15,0,0,33.33,Caught,0.5
25546850,daniel,7,10,1,0,70.00,Caught,0.7
25546850,Syed Faheem,1,4,0,0,25.00,Caught,0.1
25546850,Vivek H,20,27,3,0,74.07,LBW,2.0
25546850,K Natarajan,153,73,7,14,209.59,Not Out,16.69
25546850,VK,2,7,0,0,28.57,LBW,0.2
25546850,Siddhesh,23,31,1,1,74.19,Caught,2.3
25546850,Vanchy,17,14,1,0,121.43,Not Out,1.7
25844623,Vancheeswaran,18,31,2,0,58.06,Stumped,1.91
25844623,K Natarajan,3,5,0,0,60.00,Caught,0.32
25844623,VK,7,7,1,0,100.00,Bowled,0.77
25844623,daniel,1,6,0,0,16.67,Caught & Bowled,0.1
25844623,Rahul,2,7,0,0,28.57,Bowled,0.2
25844623,Vanchy,4,8,0,0,50.00,Caught,0.4
25844623,Vaidy,5,2,1,0,250.00,Run Out,0.63
25844623,Rajshekhar,7,18,1,0,38.89,Caught,0.7
25844623,Gopalakrishnan,9,21,1,0,42.86,Not Out,0.9
25844623,Shankar,1,3,0,0,33.33,Caught & Bowled,0.1
25844623,Krishnan,1,6,0,0,16.67,LBW,0.1
26061249,Rahul,8,9,1,0,88.89,Bowled,0.8
26061249,K Natarajan,7,5,1,0,140.00,LBW,0.76
26061249,Vanchy,3,9,0,0,33.33,Caught,0.3
26061249,daniel,61,71,5,1,85.92,Not Out,6.1
26061249,Vivek H,28,27,5,0,103.70,Caught,2.8
26061249,Gopalakrishnan,10,17,0,0,58.82,Caught,1.0
26061249,Rajshekhar,42,40,4,1,105.00,Caught,4.45
26061249,Shankar,1,2,0,0,50.00,Stumped,0.1
26061249,Vaidy,2,2,0,0,100.00,Not Out,0.2
26109515,Vancheeswaran,39,34,5,0,114.71,Caught,3.9
26109515,K Natarajan,86,46,7,4,186.96,Caught,9.24
26109515,Siddhesh,2,18,0,0,11.11,Caught,0.2
26109515,daniel,18,25,2,0,72.00,Caught,1.8
26109515,Vivek H,63,40,7,3,157.50,Bowled,6.7
26109515,Vanchy,2,3,0,0,66.67,Caught,0.2
26109515,Vaidy,13,11,1,0,118.18,Not Out,1.3
26109515,Gopalakrishnan,0,1,0,0,0.00,Bowled,0.0
26109515,Shankar,2,3,0,0,66.67,Not Out,0.2
26407392,Deva,3,8,0,0,37.50,Bowled,0.3
26407392,K Natarajan,47,29,11,0,162.07,Caught,5.07
26407392,VK,17,18,3,0,94.44,Caught,1.7
26407392,Vivek H,22,24,3,0,91.67,Caught,2.2
26407392,Vanchy,5,5,1,0,100.00,Caught,0.5
26407392,Rajshekhar,8,7,2,0,114.29,Not Out,0.8
26407392,Vaidy,2,3,0,0,66.67,Not Out,0.2
26447912,Rahul,38,48,2,0,79.17,Bowled,3.8
26447912,Vancheeswaran,8,15,0,0,53.33,Caught,0.8
26447912,K Natarajan,38,13,2,4,292.31,Caught,4.33
26447912,VK,9,15,0,0,60.00,LBW,0.9
26447912,Vivek H,23,25,0,1,92.00,Bowled,2.3
26447912,Siddhesh,1,1,0,0,100.00,Run Out,0.1
26447912,Vanchy,34,28,3,0,121.43,Not Out,3.4
26447912,Gopalakrishnan,8,6,0,0,133.33,Not Out,0.85
26630548,Vancheeswaran,4,7,0,0,57.14,Caught,0.4
26630548,Vanchy,18,25,2,0,72.00,Caught,1.8
26630548,K Natarajan,46,28,3,2,164.29,Caught,5.17
26630548,daniel,3,6,0,0,50.00,Caught,0.3
26630548,Vivek H,16,24,0,0,66.67,Not Out,1.6
26630548,VK,1,3,0,0,33.33,Caught,0.1
26630548,Siddhesh,5,7,0,0,71.43,Caught & Bowled,0.5
26630548,Vaidy,3,8,0,0,37.50,Caught,0.3
26630548,Seenu,2,3,0,0,66.67,Bowled,0.2
26630548,Krishnan,0,5,0,0,0.00,Caught,0.0
26630548,Shankar,0,0,0,0,0.00,Run Out,0.0
26729361,Vancheeswaran,4,3,0,0,133.33,Caught,0.43
26729361,K Natarajan,49,20,3,5,245.00,Caught,5.58
26729361,VK,33,21,2,1,157.14,Caught,3.59
26729361,daniel,11,16,0,0,68.75,Caught,1.1
26729361,Vivek H,39,42,4,0,92.86,Caught,3.9
26729361,Vanchy,15,27,0,0,55.56,Caught,1.5
26729361,Vaidy,17,37,0,0,45.95,Not Out,1.7
26729361,Seenu,6,15,0,0,40.00,Not Out,0.6
26970646,Vancheeswaran,16,15,2,0,106.67,Bowled,1.6
26970646,Vanchy,0,5,0,0,0.00,Caught,0.0
26970646,daniel,0,3,0,0,0.00,LBW,0.0
26970646,K Natarajan,83,44,10,4,188.64,Caught,9.1
26970646,Vivek H,1,6,0,0,16.67,Caught,0.1
26970646,VK,36,49,0,0,73.47,Caught,3.6
26970646,Sathya,0,1,0,0,0.00,LBW,0.0
26970646,Gopalakrishnan,11,15,1,0,73.33,Bowled,1.1
26970646,Vaidy,5,7,0,0,71.43,Run Out,0.5
26970646,Seenu,7,11,1,0,63.64,Caught,0.7
26970646,Shankar,2,6,0,0,33.33,Not Out,0.2
26975860,Vancheeswaran,11,18,1,0,61.11,Caught,1.1
26975860,K Natarajan,0,2,0,0,0.00,Caught,0.0
26975860,VK,1,4,0,0,25.00,LBW,0.1
26975860,daniel,10,17,0,0,58.82,Caught,1.0
26975860,Vivek H,101,66,10,3,153.03,Not Out,10.96
26975860,Rahul,21,34,2,0,61.76,Caught,2.1
26975860,Siddhesh,25,23,3,0,108.70,Caught,2.65
26975860,Vanchy,13,17,1,0,76.47,Not Out,1.3
27080490,Vancheeswaran,20,27,2,0,74.07,Caught & Bowled,2.0
27080490,K Natarajan,42,27,5,1,155.56,Caught,4.52
27080490,Rahul,5,8,0,0,62.50,Caught,0.5
27080490,daniel,24,29,2,0,82.76,Run Out,2.4
27080490,Vivek H,64,55,5,1,116.36,Not Out,6.4
27080490,Sandee Duggina,4,7,0,0,57.14,Stumped,0.4
27080490,Vanchy,9,12,1,0,75.00,Bowled,0.9
27080490,Rajshekhar,22,8,0,3,275.00,Run Out,2.5
27080490,Shankar,9,5,1,0,180.00,Not Out,0.98
27127481,Vancheeswaran,0,0,0,0,0.00,Run Out,0.0
27127481,K Natarajan,8,10,0,0,80.00,Caught,0.8
27127481,Gopalakrishnan,7,11,0,0,63.64,Caught,0.7
27127481,daniel,17,32,0,0,53.12,Bowled,1.7
27127481,Siddhesh,37,34,4,0,108.82,Caught & Bowled,3.7
27127481,Vanchy,9,9,1,0,100.00,Caught & Bowled,0.9
27127481,Vaidy,13,17,0,0,76.47,Not Out,1.3
27127481,Thirulingam,3,4,0,0,75.00,Bowled,0.3
27127481,Shankar,0,3,0,0,0.00,Caught,0.0
27127481,Seenu,1,2,0,0,50.00,Stumped,0.1
27306026,Vancheeswaran,1,5,0,0,20.00,Caught & Bowled,0.1
27306026,K Natarajan,61,37,8,0,164.86,Bowled,6.79
27306026,VK,34,35,1,0,97.14,Stumped,3.4
27306026,Rahul,6,7,0,0,85.71,Stumped,0.6
27306026,Vivek H,5,10,0,0,50.00,Not Out,0.5
27306026,Siddhesh,4,6,1,0,66.67,Not Out,0.4
