match_id,player,overs,maidens,runs,wickets,0s,4s,6s,Wd,Nb,Eco,MVP
21158832,Srinivasan V,4,0,22,0,16,2,1,0,0,5.50,0.23
21158832,Shankar,3,0,32,0,4,3,0,1,0,10.67,0
21158832,K Natarajan,2,0,20,0,4,2,0,1,0,10.00,0
21158832,Vaidy,4,0,32,2,8,3,1,0,0,8.00,3.6
21158832,Krishnan,4,0,22,1,10,1,0,3,0,5.50,2.03
21158832,Vivek H,3,0,21,1,6,1,1,0,0,7.00,1.49
21175590,Srinivasan V,6,1,22,3,29,3,0,4,0,3.67,7.39
21175590,Shankar,5,1,16,2,23,2,0,1,0,3.20,4.71
21175590,Krishnan,3,0,10,1,9,0,0,1,0,3.33,1.33
21175590,Vaidy,2.4,0,9,1,11,1,0,0,1,3.38,1.33
21175590,Vivek H,1,0,5,1,4,0,0,1,0,5.00,1.32
21360655,Vivek H,5,0,28,1,18,1,0,4,0,5.60,2.53
21360655,Shankar,5,0,45,0,12,6,0,3,1,9.00,0
21360655,K Natarajan,6,0,41,3,14,3,1,0,0,6.83,6.83
21360655,Krishnan,4,0,38,1,4,4,1,0,0,9.50,2.2
21360655,Vaidy,5,0,46,0,4,5,0,0,0,9.20,0
21360655,Vignesh Weekend Wickets,1,0,22,0,0,0,3,1,0,22.00,0
21360655,Rahul,4,0,50,0,6,1,5,3,0,12.50,0
21373843,Shankar,4,0,33,0,9,5,0,2,0,8.25,0.03
21373843,K Natarajan,4,0,22,1,15,2,0,3,1,5.50,2.19
21373843,Gopalakrishnan,4,0,28,1,10,2,0,1,0,7.00,1.96
21373843,Krishnan,2,0,30,0,5,4,2,1,0,15.00,0
21373843,Rahul,3,0,31,2,7,1,2,1,0,10.33,3.24
21373843,Siddhesh,2,0,18,0,4,2,0,3,0,9.00,0
21373843,Vignesh Weekend Wickets,1,0,9,1,4,2,0,1,0,9.00,1.8
22101156,Shankar,6,0,33,1,20,3,0,2,0,5.50,2.33
22101156,Seenu,4.5,0,50,0,7,7,0,3,0,10.34,0
22101156,Vignesh Weekend Wickets,2,0,10,1,6,1,0,0,0,5.00,2.39
22101156,Krishnan,4,0,34,0,4,4,0,1,0,8.50,0
22101156,Vaidy,3,0,18,1,7,1,0,3,0,6.00,2.28
22101156,Vivek H,3,0,27,0,7,4,0,1,0,9.00,0
22101156,K Natarajan,2,1,2,1,10,0,0,0,0,1.00,5.15
22369880,Seenu,6,0,54,0,18,7,2,5,0,9.00,0
22369880,Shankar,6,0,38,1,21,7,0,0,0,6.33,2.35
22369880,Vignesh Weekend Wickets,3,0,37,0,3,2,3,1,0,12.33,0
22369880,Krishnan,4,0,32,2,7,3,1,0,0,8.00,4.42
22369880,S. Adithya Geethan,5,0,37,0,14,2,2,3,0,7.40,0.06
22369880,Vaidy,2,0,12,1,7,2,0,1,0,6.00,1.95
22369880,Vivek H,3,0,22,2,7,1,1,0,0,7.33,4.03
22369880,K Natarajan,1,0,16,0,0,3,0,0,0,16.00,0
22527107,Seenu,4,1,10,2,17,0,0,1,0,2.50,5.5
22527107,Shankar,5,0,31,2,14,3,0,2,0,6.20,4.0
22527107,Krishnan,5,0,29,1,12,2,0,2,0,5.80,1.61
22527107,Vignesh Weekend Wickets,2,0,24,0,5,2,0,6,0,12.00,0
22527107,Vivek H,1,0,6,0,2,0,0,1,0,6.00,0
22527107,K Natarajan,2,0,16,0,5,2,0,0,0,8.00,0
22527107,Vaidy,3.2,0,13,3,13,1,0,0,0,3.90,5.09
22527107,Rahul,1,0,4,0,4,0,0,2,0,4.00,0.18
22774423,Seenu,6,0,34,3,19,4,0,3,0,5.67,6.32
22774423,Shankar,6,0,36,0,19,2,2,2,0,6.00,0.07
22774423,Vivek H,6,0,31,2,19,3,0,2,0,5.17,4.55
22774423,Vaidy,2,0,20,0,4,4,0,0,0,10.00,0
22774423,K Natarajan,3,0,22,0,7,2,0,2,0,7.33,0
22774423,Krishnan,5,0,39,2,10,3,1,3,0,7.80,3.96
22774423,Rahul,2,0,22,0,4,1,1,3,0,11.00,0
22836685,Seenu,5.1,1,18,1,22,2,0,2,0,3.48,2.26
22836685,Shankar,5,0,36,0,13,2,2,1,0,7.20,0
22836685,Krishnan,4,0,22,3,15,2,0,3,0,5.50,7.11
22836685,Vaidy,3,0,18,0,12,0,2,2,0,6.00,0
22836685,Vivek H,6,1,22,3,26,2,0,2,0,3.67,7.13
22836685,Rahul,1,0,7,0,3,1,0,1,0,7.00,0
22836685,K Natarajan,5,0,34,2,14,3,1,1,0,6.80,3.52
22880223,Seenu,6,1,61,1,15,6,3,3,0,10.17,2.49
22880223,K Natarajan,3,0,21,0,7,3,0,0,0,7.00,0.05
22880223,Shankar,6,0,38,2,20,3,2,0,0,6.33,4.51
22880223,Prasad SK,5,0,27,1,17,3,1,0,0,5.40,1.96
22880223,Krishnan,6,0,42,1,14,5,0,1,0,7.00,2.25
22880223,Gopalakrishnan,4,0,38,2,9,3,2,2,1,9.50,3.96
23036235,Seenu,5,0,29,3,20,3,0,5,0,5.80,6.77
23036235,Shankar,4,0,35,0,10,4,1,1,0,8.75,0
23036235,Vivek H,3,0,29,0,9,2,2,2,0,9.67,0
23036235,Krishnan,4,0,24,0,8,2,0,1,0,6.00,0.1
23036235,K Natarajan,3.5,0,26,3,11,2,1,0,0,6.78,6.69
23036235,Vaidy,3,0,23,0,5,2,0,2,0,7.67,0
23174502,Seenu,6,0,62,2,16,5,5,1,0,10.33,4.0
23174502,K Natarajan,5,0,44,0,12,7,0,3,1,8.80,0.16
23174502,Shankar,4,0,41,1,10,3,3,2,0,10.25,2.25
23174502,Vivek H,6,0,54,4,11,2,4,1,0,9.00,7.24
23174502,Vaidy,3,0,50,0,4,6,3,2,0,16.67,0
23174502,Krishnan,3,0,36,0,3,1,3,3,0,12.00,0
23174502,Prasad SK,1,0,15,0,1,0,2,0,0,15.00,0
23174502,Rajshekhar,2,0,20,1,2,2,0,3,0,10.00,2.26
23600874,Seenu,4,0,18,0,16,3,0,1,0,4.50,0.37
23600874,Shankar,4,0,34,0,10,3,2,0,0,8.50,0
23600874,Gopalakrishnan,2,0,30,0,2,4,1,2,0,15.00,0
23600874,Krishnan,3,0,33,0,4,2,2,2,0,11.00,0
23600874,Rahul,2,0,9,1,6,0,0,2,0,4.50,2.57
23600874,K Natarajan,1,0,5,0,4,1,0,0,0,5.00,0.28
23600874,Vivek H,1,0,4,0,2,0,0,0,0,4.00,0.47
23600874,Vanchy,0.2,0,4,0,1,1,0,0,0,12.00,0
23672045,Seenu,4,0,49,0,9,7,1,3,0,12.25,0
23672045,Shankar,6,0,57,1,18,6,3,1,0,9.50,2.2
23672045,Krishnan,3,0,30,0,5,0,3,1,0,10.00,0
23672045,Vivek H,2,0,15,0,6,3,0,0,0,7.50,0.15
23672045,Vaidy,1,0,9,1,3,0,1,0,0,9.00,2.23
23672045,Gopalakrishnan,1.4,0,15,1,6,2,0,2,0,9.00,2.23
23672045,Prasad SK,1,0,1,0,5,0,0,0,0,1.00,4.83
24001485,Seenu,4.2,0,21,4,15,1,1,1,0,4.85,8.57
24001485,Shankar,6,0,36,2,16,4,0,0,0,6.00,4.44
24001485,Krishnan,4,0,28,1,8,3,0,0,0,7.00,1.32
24001485,Gopalakrishnan,2,0,24,1,6,3,0,1,3,12.00,1.76
24001485,Vaidy,2,0,14,0,2,1,0,0,0,7.00,0
24001485,Vivek H,2,0,12,1,7,1,0,2,0,6.00,1.36
24001485,K Natarajan,1,0,3,1,3,0,0,0,0,3.00,2.25
24011448,Seenu,5,0,43,0,14,7,0,2,1,8.60,0
24011448,Shankar,6,0,48,2,15,6,0,4,0,8.00,4.42
24011448,Gopalakrishnan,3,1,23,0,10,2,1,1,0,7.67,0.78
24011448,Krishnan,3,0,32,0,3,5,0,0,0,10.67,0
24011448,Vaidy,3,0,22,1,6,3,0,0,0,7.33,1.83
24011448,K Natarajan,1,0,6,0,3,1,0,0,0,6.00,0.19
24011448,Rahul,1,0,17,0,1,2,1,1,0,17.00,0
24011448,Vivek H,2.2,0,10,1,9,0,1,0,0,4.29,2.23
24011448,Vanchy,1,0,6,0,2,0,0,2,0,6.00,0.19
24386449,Seenu,6,0,48,1,15,6,0,4,0,8.00,1.32
24386449,Shankar,6,0,36,1,15,2,1,2,0,6.00,2.26
24386449,Vivek H,4,0,17,3,12,0,0,3,0,4.25,6.47
24386449,Krishnan,6,0,39,2,7,1,1,1,0,6.50,4.42
24386449,Gopalakrishnan,3,0,26,0,5,4,0,0,0,8.67,0
24386449,Vaidy,2,0,22,0,1,2,1,0,0,11.00,0
24386449,K Natarajan,2,0,6,0,7,0,0,0,0,3.00,0.53
24386449,Rajshekhar,1,0,8,0,2,1,0,0,0,8.00,0
24579299,Seenu,5,1,24,3,21,2,1,3,0,4.80,7.47
24579299,Shankar,5,0,53,0,13,7,2,4,0,10.60,0
24579299,Vanchy,1,0,18,0,2,3,0,3,1,18.00,0
24579299,Vivek H,3,1,12,1,11,1,0,2,0,4.00,3.55
24579299,Krishnan,3,0,31,1,5,2,2,2,0,10.33,1.6
24579299,Gopalakrishnan,2.5,0,24,0,4,2,0,2,0,8.47,0
24579299,Vaidy,4,0,27,2,12,2,1,1,0,6.75,3.72
24579299,K Natarajan,1.1,0,14,0,2,3,0,0,0,12.00,0
24647310,Seenu,6,0,22,2,24,2,0,2,0,3.67,4.16
24647310,Shankar,6,0,39,1,18,3,2,2,0,6.50,2.2
24647310,Vivek H,6,0,33,4,21,2,1,4,0,5.50,8.0
24647310,Krishnan,3,0,26,1,7,3,1,0,0,8.67,1.76
24647310,K Natarajan,3.2,0,19,0,10,2,0,0,0,5.70,0.01
24647310,Gopalakrishnan,3,0,19,0,8,1,1,1,0,6.33,0
25304101,Seenu,6,0,34,2,22,3,1,4,0,5.67,4.03
25304101,Shankar,6,0,30,3,21,4,0,2,0,5.00,7.23
25304101,Gopalakrishnan,5,0,39,2,13,5,1,0,0,7.80,3.52
25304101,K Natarajan,6,0,41,1,19,5,0,4,0,6.83,1.76
25304101,Rahul,5,0,31,0,12,2,0,3,0,6.20,0.03
25304101,Syed Faheem,2,0,21,0,3,3,0,1,0,10.50,0
25393080,Seenu,3,0,18,2,12,2,1,0,0,6.00,3.04
25393080,Shankar,4,0,25,1,11,3,0,1,0,6.25,1.92
25393080,Vivek H,2.3,0,14,1,7,0,0,0,0,5.60,2.01
25393080,Krishnan,3,0,26,0,5,2,1,0,0,8.67,0
25393080,Gopalakrishnan,2,0,21,0,4,2,0,1,0,10.50,0
25393080,Rahul,3,0,26,1,6,2,0,3,0,8.67,1.8
25517711,Seenu,6,0,37,4,18,6,0,0,0,6.17,7.32
25517711,Shankar,6,0,44,0,18,5,2,1,0,7.33,0.1
25517711,Vivek H,5,0,47,2,8,6,1,1,0,9.40,3.52
25517711,Gopalakrishnan,5,0,56,1,7,6,2,2,0,11.20,1.76
25517711,Krishnan,5,0,49,3,10,2,4,1,0,9.80,7.1
25517711,Rajshekhar,3,0,29,0,3,4,0,1,0,9.67,0
25546850,Seenu,3,0,15,0,12,2,0,2,0,5.00,0.07
25546850,Shankar,6,0,37,2,23,2,2,5,0,6.17,4.4
25546850,Krishnan,6,1,23,2,24,3,0,0,0,3.83,5.33
25546850,Gopalakrishnan,6,0,26,2,24,1,1,1,0,4.33,3.21
25546850,daniel,1,0,13,0,3,2,0,2,1,13.00,0
25546850,Vanchy,1.5,0,13,2,5,1,0,2,1,7.09,3.08
25546850,Siddhesh,2,0,14,1,4,0,1,1,0,7.00,1.32
25546850,Syed Faheem,2,0,14,0,7,1,1,1,0,7.00,0
25546850,Vivek H,1,0,13,0,2,3,0,0,0,13.00,0
25844623,Seenu,6,0,58,3,10,3,3,2,1,9.67,5.37
25844623,Shankar,6,0,51,1,18,3,3,4,0,8.50,2.31
25844623,K Natarajan,3,0,26,2,8,3,1,0,0,8.67,4.06
25844623,Krishnan,5,0,61,1,7,3,5,1,0,12.20,2.2
25844623,Vaidy,4,0,33,2,8,1,2,1,0,8.25,4.1
25844623,Gopalakrishnan,3,0,34,0,4,4,1,0,0,11.33,0
25844623,Rajshekhar,2,0,24,0,0,2,1,1,0,12.00,0
25844623,Rahul,1,0,13,0,1,2,0,1,0,13.00,0
26061249,Seenu,6,0,33,3,17,3,0,1,0,5.50,6.3
26061249,Shankar,5,0,47,0,13,7,1,3,0,9.40,0
26061249,Krishnan,4,0,30,1,11,3,1,2,0,7.50,2.2
26061249,Gopalakrishnan,3,0,22,1,8,2,0,5,0,7.33,1.32
26061249,Vaidy,5,0,30,0,11,1,1,1,0,6.00,0.04
26061249,Rajshekhar,3,0,14,1,7,0,0,0,0,4.67,2.36
26061249,Vivek H,4,0,19,2,13,2,0,1,0,4.75,4.11
26109515,Seenu,4,0,28,0,10,4,0,1,0,7.00,0.08
26109515,Shankar,6,0,58,3,11,2,4,3,0,9.67,6.66
26109515,Gopalakrishnan,6,0,44,1,14,2,2,3,0,7.33,2.25
26109515,Krishnan,6,0,45,2,9,1,2,0,0,7.50,3.56
26109515,Vaidy,4,0,25,1,11,3,0,0,1,6.25,2.35
26109515,Vanchy,1,0,9,0,1,1,0,1,0,9.00,0
26109515,Siddhesh,1,0,23,0,1,2,2,0,1,23.00,0
26109515,K Natarajan,1,0,6,0,1,0,0,0,0,6.00,0.17
26109515,Vivek H,1,0,5,0,2,0,0,1,0,5.00,0.31
26407392,Seenu,4,0,25,1,15,3,0,3,0,6.25,2.0
26407392,Shankar,6,1,27,2,23,3,0,1,0,4.50,5.01
26407392,Gopalakrishnan,4,1,15,2,17,2,0,1,0,3.75,4.67
26407392,Krishnan,4,0,21,0,11,2,0,0,0,5.25,0
26407392,D MONISH,2,0,8,0,9,1,0,2,0,4.00,0.05
26407392,Vaidy,2,0,9,3,9,0,1,1,0,4.50,4.91
26407392,Rajshekhar,1.4,0,4,2,8,0,0,1,0,2.40,3.06
26447912,Seenu,5,3,5,4,28,0,0,2,0,1.00,11.45
26447912,Shankar,5,1,16,2,22,0,0,4,0,3.20,5.07
26447912,Krishnan,5,1,12,1,23,1,0,1,0,2.40,2.77
26447912,Gopalakrishnan,5,1,28,1,21,3,0,3,1,5.60,2.6
26447912,Vanchy,1,0,5,0,5,1,0,1,0,5.00,0
26447912,Siddhesh,1,0,9,0,1,1,0,1,0,9.00,0
26447912,Rahul,1,0,8,0,3,1,0,2,0,8.00,0
26447912,Vivek H,2,0,17,1,5,3,0,0,0,8.50,1.2
26630548,Seenu,4.5,0,24,4,16,3,0,1,0,4.97,7.02
26630548,Shankar,5,0,25,4,18,1,1,1,0,5.00,6.66
26630548,Vivek H,3,0,7,0,13,0,0,0,0,2.33,0.58
26630548,Krishnan,4,0,32,0,11,2,2,1,0,8.00,0
26630548,K Natarajan,1,0,6,0,2,0,0,1,0,6.00,0
26630548,Vaidy,2,0,12,2,5,1,0,0,0,6.00,2.52
26729361,Seenu,6,0,42,2,21,8,0,0,0,7.00,4.53
26729361,Shankar,6,0,39,1,21,5,0,6,0,6.50,2.38
26729361,Vivek H,5,0,54,1,8,10,0,2,0,10.80,1.76
26729361,Krishnan,5,0,53,1,8,3,3,0,0,10.60,1.76
26729361,Vaidy,6,0,53,0,14,3,3,1,0,8.83,0
26729361,K Natarajan,2,0,21,1,4,4,0,0,0,10.50,1.76
26970646,Seenu,5,0,31,0,19,3,2,1,0,6.20,0.03
26970646,Shankar,6,0,39,2,20,6,0,3,0,6.50,4.41
26970646,Vivek H,4,0,23,0,11,2,0,4,0,5.75,0.06
26970646,Gopalakrishnan,2,0,22,0,6,3,1,2,0,11.00,0
26970646,Krishnan,5,0,29,1,10,2,0,0,0,5.80,2.26
26970646,Vaidy,5.2,0,23,1,13,0,0,2,0,4.31,2.41
26970646,K Natarajan,1,0,19,0,0,1,2,0,0,19.00,0
26975860,Seenu,6,0,60,1,14,7,2,5,0,10.00,1.32
26975860,Shankar,6,0,28,4,25,2,2,1,0,4.67,9.05
26975860,Vivek H,4.3,0,26,2,15,2,1,2,0,5.78,3.15
26975860,Krishnan,6,0,31,0,20,1,1,2,0,5.17,0.13
26975860,Vaidy,6,1,40,2,15,3,1,1,0,6.67,4.26
26975860,Vanchy,1,0,15,0,0,2,0,3,0,15.00,0
27080490,Seenu,6,0,34,0,18,0,2,5,0,5.67,0.11
27080490,Shankar,6,0,24,1,18,0,0,2,0,4.00,2.53
27080490,Krishnan,6,0,34,2,17,1,1,1,0,5.67,4.51
27080490,Vaidy,5,0,49,1,11,3,2,9,0,9.80,1.76
27080490,Vanchy,1,0,11,0,0,1,0,0,0,11.00,0
27080490,Rajshekhar,3,0,25,1,8,1,1,3,0,8.33,1.76
27080490,Vivek H,3,0,36,0,3,2,1,4,0,12.00,0
27127481,Seenu,4,0,27,2,9,2,1,0,0,6.75,3.6
27127481,Shankar,4,0,27,1,11,3,0,3,0,6.75,1.44
27127481,Thirulingam,2,0,13,0,5,1,0,2,0,6.50,0.02
27127481,Krishnan,2,0,16,0,5,3,0,0,0,8.00,0
27127481,Vanchy,1,0,2,0,4,0,0,0,0,2.00,1.29
27127481,Gopalakrishnan,2,0,13,1,4,1,0,2,0,6.50,1.82
27127481,Vaidy,4,0,25,2,8,1,0,1,0,6.25,3.28
27127481,K Natarajan,0.4,0,8,0,1,1,0,0,0,12.00,0
27306026,Seenu,4,0,24,1,10,2,0,2,0,6.00,1.8
27306026,Shankar,4,0,18,3,15,2,0,1,0,4.50,6.02
27306026,Krishnan,4,0,17,0,11,0,0,1,0,4.25,0.15
27306026,Vaidy,4,0,23,2,10,2,0,0,0,5.75,2.88
27306026,Thirulingam,3,0,20,1,6,1,0,0,1,6.67,1.44
27306026,Vanchy,1,0,8,0,2,1,0,0,0,8.00,0
