match_id,player,catches,run_outs,assisted run_outs,stumpings,MVP
14339792,Vivek H,0,1,0,0,2.2
14339792,Vanchy,0,0,1,0,1.1
14339792,Seenu,0,0,1,0,1.1
14339792,Rajshekhar,1,0,0,0,0.35
14374871,Gopalakrishnan,1,0,0,0,0.4
14374871,Prasad SK,1,0,0,0,0.4
14374871,VK,1,0,0,0,0.4
14559058,Gopalakrishnan,1,0,0,0,0.44
14559058,Shankar,2,0,0,0,0.7
14559058,Seenu,1,0,0,0,0.35
14559058,Prasad SK,1,0,0,0,0.26
14639891,Sridhar Ganesan,1,0,0,0,0.36
14639891,daniel,1,0,0,0,0.29
14717505,Prasad SK,2,0,0,0,0.79
14717505,daniel,1,0,0,0,0.44
14717505,Shankar,2,0,0,0,0.7
14717505,Seenu,0,1,0,0,1.76
14717505,Vaidy,1,0,0,0,0.26
14717505,Vivek H,1,0,0,0,0.26
15169165,Prasad SK,0,1,0,0,1.6
15328278,VK,3,0,0,0,0.96
15328278,Vivek H,0,0,1,0,0.8
15328278,K Natarajan,0,0,1,0,0.8
15328278,Vancheeswaran,0,0,0,1,0.24
15462065,Prasad SK,0,0,1,1,1.2
15462065,Shankar,1,0,0,0,0.4
15462065,Krishnan,1,0,0,0,0.4
15462065,K Natarajan,1,0,0,0,0.32
15462065,Seenu,1,0,1,0,1.12
15462065,Rajshekhar,1,0,0,0,0.24
15462065,VK,1,0,0,0,0.24
15630715,Vivek H,1,0,0,0,0.44
15630715,Srinivasan V,0,0,1,0,0.88
15630715,Vancheeswaran,0,0,1,0,0.88
15766030,Vancheeswaran,0,0,1,2,1.6
15766030,VK,2,0,0,0,0.8
15766030,Vivek H,0,0,1,0,0.8
15892680,Krishna K,1,0,0,0,0.44
15892680,Vancheeswaran,2,0,0,0,0.88
15892680,Vivek H,1,0,0,0,0.44
15892680,Vaidy,0,1,0,0,1.76
15892680,Seenu,1,0,0,0,0.35
15892680,daniel,1,0,0,0,0.35
15892680,Krishnan,1,0,0,0,0.26
15941689,Vivek H,1,0,0,0,0.44
15941689,VK,2,0,0,0,0.7
15941689,Seenu,1,0,0,0,0.44
15941689,Vancheeswaran,0,0,0,1,0.35
16119492,Vancheeswaran,0,0,1,1,1.0
16119492,K Natarajan,1,0,1,0,0.92
16139068,Vancheeswaran,2,0,0,1,1.14
16159142,Prasad SK,1,0,0,0,0.44
16159142,Vancheeswaran,1,0,0,0,0.35
16159142,Vivek H,1,0,0,0,0.26
16638059,Vaidy,1,0,0,0,0.4
16638059,Sathya,3,0,0,0,1.04
16638059,Rajshekhar,1,0,0,0,0.4
16638059,Prasad SK,1,0,0,0,0.32
16638059,Syed Ayan,0,0,1,0,0.6
16638059,Vivek H,0,0,1,0,0.6
16791311,Vancheeswaran,0,0,0,1,0.44
16791311,Prasad SK,1,0,0,0,0.35
16914091,Prasad SK,2,0,0,0,0.79
16914091,K Natarajan,1,0,0,0,0.44
16949242,K Natarajan,1,0,0,0,0.44
16949242,Siddhesh,1,0,0,0,0.35
16949242,Seenu,1,0,0,0,0.35
17077908,VK,1,0,0,0,0.44
17077908,Vanchy,2,0,0,0,0.79
17077908,Siddhesh,1,0,0,0,0.44
17077908,Rajshekhar,1,0,0,0,0.44
17077908,Prasad SK,1,0,0,0,0.35
17280387,Shankar,1,0,0,0,0.44
17280387,Prasad SK,0,0,0,1,0.44
17280387,Vivek H,1,0,0,0,0.35
17424196,Siddhesh,1,0,0,0,0.36
17424196,Prasad SK,1,0,0,0,0.36
17424196,Rajshekhar,2,0,0,0,0.58
17424196,K Natarajan,1,0,0,0,0.29
17424196,Vanchy,1,0,0,0,0.29
17424196,VK,1,0,0,0,0.22
17424196,daniel,1,0,0,0,0.22
17602912,daniel,1,0,0,0,0.44
17602912,Rajshekhar,1,0,0,0,0.44
17602912,Srinivasan V,1,0,0,0,0.44
17602912,K Natarajan,1,0,0,0,0.35
17602912,Vancheeswaran,2,0,0,1,0.97
17813444,K Natarajan,2,0,0,0,0.88
17813444,Vancheeswaran,0,0,0,1,0.44
17813444,Seenu,1,0,0,0,0.35
17813444,Rahul,2,0,0,0,0.62
17813895,Rajshekhar,1,0,0,0,0.36
17813895,Vaidy,1,0,0,0,0.36
17813895,daniel,1,0,0,0,0.29
17813895,K Natarajan,0,0,1,0,0.72
17813895,Krishnan,0,0,1,0,0.72
17977116,Rahul,1,0,0,0,0.44
17977116,daniel,1,0,0,0,0.44
17977116,Rajshekhar,1,0,0,0,0.44
17977116,K Natarajan,0,1,0,0,1.32
18160516,VK,1,1,0,0,2.2
18160516,Seenu,1,0,0,0,0.44
18160516,daniel,1,0,0,0,0.35
18160516,K Natarajan,1,0,0,0,0.35
18160516,Vancheeswaran,1,0,0,0,0.26
18224185,Vancheeswaran,0,0,0,1,0.32
18260728,Seenu,1,0,0,0,0.32
18260728,VK,2,0,0,0,0.64
18260728,Vivek H,3,1,0,0,1.73
18260728,Vancheeswaran,1,0,0,0,0.26
18260728,K Natarajan,1,0,0,0,0.26
18260728,Siddhesh,1,0,0,0,0.26
18306916,Rajshekhar,1,0,0,0,0.4
18306916,K Natarajan,2,0,0,0,0.72
18306916,VK,2,0,0,0,0.64
18306916,Rahul,1,0,0,0,0.24
18412232,Krishna K,1,0,0,0,0.4
18412232,Prasad SK,1,0,0,0,0.32
18412232,Seenu,1,0,0,0,0.32
18551375,Srinivasan V,1,0,0,0,0.44
18551375,Prasad SK,1,0,0,0,0.35
18551375,Vivek H,1,0,0,0,0.26
18557568,Vancheeswaran,0,0,0,1,0.44
18557568,VK,1,0,0,0,0.44
18557568,Rahul,1,0,0,0,0.44
18557568,Prasad SK,1,0,0,0,0.35
18557568,Seenu,1,0,0,0,0.35
18652555,Seenu,1,0,0,0,0.44
18652555,VK,2,0,0,0,0.7
18652555,Vancheeswaran,0,1,0,0,1.76
18652555,Shankar,1,0,0,0,0.35
18652555,Srinivasan V,1,0,0,0,0.35
18789118,Prasad SK,1,0,0,0,0.44
18789118,Vancheeswaran,1,0,0,0,0.44
18789118,Srinivasan V,2,0,0,0,0.7
18789118,K Natarajan,2,0,0,0,0.7
18789118,Vivek H,0,1,0,0,1.32
18789118,VK,1,0,0,0,0.26
19061037,K Natarajan,1,0,0,0,0.44
19061037,Vivek H,1,0,0,0,0.44
19061037,Prasad SK,1,0,0,0,0.44
19061037,Vancheeswaran,1,0,0,0,0.35
19218163,Prasad SK,2,0,0,0,0.88
19218163,Seenu,1,0,0,0,0.44
19218163,K Natarajan,1,0,0,0,0.35
19218163,Vancheeswaran,1,1,0,0,1.67
19218163,Siddhesh,0,1,0,0,1.32
19540188,Vivek H,1,0,0,0,0.36
19540188,VK,2,0,0,0,0.72
19540188,K Natarajan,2,0,0,0,0.58
19875349,Prasad SK,2,0,0,0,0.64
19875349,Vivek H,1,0,0,0,0.32
19875349,Vancheeswaran,1,0,0,0,0.32
19875349,Rajshekhar,1,0,0,0,0.32
19993636,Shankar,1,0,0,0,0.35
19993636,Waseem,0,0,1,0,0.88
19993636,Vancheeswaran,0,0,1,0,0.88
19993636,daniel,1,0,0,0,0.35
19993636,Seenu,1,0,0,0,0.26
20015534,Rahul,1,0,0,0,0.36
20015534,Seenu,1,0,0,0,0.36
20015534,Vivek H,1,0,0,0,0.29
20015534,Vancheeswaran,0,0,0,1,0.22
20015534,Siddhesh,1,0,0,0,0.22
20650717,Prasad SK,0,0,1,0,0.8
20650717,Vancheeswaran,2,1,1,0,2.59
20650717,Siddhesh,1,0,0,0,0.32
20650717,VK,1,0,0,0,0.26
20651056,Prasad SK,2,0,0,0,0.65
20651056,Krishna K,2,0,0,0,0.65
20651056,Shankar,1,0,0,0,0.36
20695271,Vancheeswaran,1,0,0,1,0.8
20695271,VK,2,0,0,0,0.72
20695271,daniel,1,0,0,0,0.32
20998794,VK,1,0,0,0,0.32
20998794,Vancheeswaran,0,0,0,1,0.26
21158832,Vancheeswaran,1,0,0,0,0.36
21158832,Prasad SK,1,0,0,0,0.36
21158832,Vivek H,0,1,0,0,1.44
21175590,Rahul,1,0,0,0,0.44
21175590,K Natarajan,0,1,1,0,3.08
21175590,Prasad SK,0,0,1,1,1.23
21175590,daniel,1,0,0,0,0.26
21175590,Vignesh Weekend Wickets,1,0,0,0,0.26
21360655,Rahul,1,0,0,0,0.44
21360655,Vivek H,1,0,0,0,0.44
21360655,Vancheeswaran,1,0,0,0,0.35
21373843,daniel,1,0,0,0,0.36
21373843,Vancheeswaran,2,0,1,1,1.73
21373843,Rahul,1,0,0,0,0.36
21373843,Gopalakrishnan,0,0,1,0,0.72
22101156,daniel,1,0,0,0,0.44
22369880,Krishnan,1,0,0,0,0.44
22369880,VK,1,0,0,0,0.44
22369880,Seenu,1,0,0,0,0.44
22369880,Rahul,0,0,0,1,0.35
22527107,Rahul,1,0,0,0,0.4
22527107,Prasad SK,0,2,0,1,3.12
22527107,Vivek H,2,0,0,0,0.56
22774423,Karthick Selvan,1,0,0,1,0.88
22774423,VK,1,0,0,0,0.44
22774423,Rahul,1,0,0,0,0.35
22774423,Vivek H,1,0,0,0,0.35
22836685,Shankar,1,0,0,0,0.44
22836685,Prasad SK,1,0,0,0,0.44
22836685,K Natarajan,1,0,0,0,0.44
22836685,Seenu,2,0,0,0,0.7
22836685,Vivek H,0,1,0,0,1.32
22880223,daniel,1,0,0,0,0.44
22880223,(sub) VK,2,0,0,0,0.79
22880223,K Natarajan,1,0,0,0,0.35
23036235,Prasad SK,2,0,0,0,0.79
23174502,Vaidy,1,0,0,0,0.44
23174502,K Natarajan,1,0,0,0,0.35
23174502,Vivek H,1,0,0,0,0.35
23600874,VK,1,0,0,0,0.44
23672045,daniel,1,0,0,0,0.44
24001485,Vancheeswaran,1,0,0,0,0.44
24001485,Rahul,2,0,0,0,0.79
24001485,K Natarajan,1,0,0,0,0.26
24001485,Vivek H,1,0,0,0,0.26
24011448,Shankar,2,0,0,0,0.79
24386449,Rahul,4,0,0,0,1.5
24386449,VK,1,0,0,0,0.44
24386449,Krishnan,1,0,0,0,0.44
24386449,Vivek H,0,1,0,0,1.76
24386449,Rajshekhar,1,0,0,0,0.35
24579299,K Natarajan,1,0,1,0,1.0
24579299,Vancheeswaran,0,0,0,1,0.4
24579299,VK,1,0,0,0,0.32
24579299,Rahul,1,0,0,0,0.32
24579299,Vanchy,0,0,1,0,0.6
24647310,Rahul,1,0,0,0,0.44
24647310,VK,1,0,0,0,0.44
24647310,Vivek H,1,0,0,0,0.35
25304101,Syed Faheem,1,0,0,0,0.44
25304101,Seenu,1,0,0,0,0.44
25304101,Siddhesh,1,0,0,0,0.35
25393080,Vivek H,1,0,0,0,0.36
25393080,Syed Ayan,1,0,0,0,0.36
25393080,VK,1,0,0,0,0.29
25517711,Vivek H,1,0,0,0,0.44
25517711,Vancheeswaran,1,0,0,0,0.44
25517711,Krishnan,1,0,0,0,0.44
25517711,VK,2,0,0,0,0.7
25517711,K Natarajan,1,0,0,0,0.26
25546850,Vancheeswaran,1,0,1,2,1.94
25546850,Vanchy,0,0,1,0,0.88
25546850,Siddhesh,1,0,0,0,0.35
25844623,VK,2,0,0,0,0.79
25844623,K Natarajan,4,0,0,0,1.5
25844623,Seenu,1,0,0,0,0.35
26061249,Vivek H,1,0,0,0,0.44
26061249,Vaidy,3,0,0,0,1.06
26061249,K Natarajan,0,1,0,0,1.76
26109515,Vanchy,2,0,1,0,1.45
26109515,Krishnan,1,0,0,0,0.44
26109515,Siddhesh,1,0,0,0,0.44
26109515,Vancheeswaran,1,0,0,0,0.35
26109515,Vivek H,0,0,1,0,0.66
26407392,Gopalakrishnan,1,0,0,0,0.4
26407392,D MONISH,1,0,0,0,0.4
26407392,K Natarajan,1,0,0,1,0.72
26407392,Seenu,1,0,0,0,0.32
26407392,Vivek H,1,0,0,0,0.32
26447912,Rahul,1,0,0,0,0.4
26447912,Seenu,1,0,0,0,0.4
26447912,K Natarajan,1,0,0,0,0.4
26447912,Shankar,1,0,0,0,0.32
26630548,Vancheeswaran,3,0,0,1,1.08
26630548,K Natarajan,3,0,0,0,1.01
26729361,Vancheeswaran,2,0,0,0,0.79
26729361,Seenu,1,0,0,0,0.35
26970646,Vancheeswaran,1,0,0,0,0.44
26970646,Vaidy,1,0,1,0,1.32
26970646,daniel,1,0,0,0,0.44
26970646,Krishnan,0,0,1,0,0.88
26975860,K Natarajan,0,1,0,0,2.2
26975860,Vivek H,1,0,0,0,0.44
26975860,Vanchy,1,0,0,0,0.35
26975860,Shankar,1,0,0,0,0.35
26975860,Vancheeswaran,1,0,0,0,0.26
27080490,Vancheeswaran,0,1,0,0,2.2
27080490,Vivek H,2,0,0,0,0.88
27127481,K Natarajan,1,0,1,0,1.08
27127481,Seenu,0,0,1,0,0.72
27127481,Shankar,1,0,0,0,0.29
27127481,Vancheeswaran,1,0,0,0,0.29
27306026,Krishnan,2,0,0,0,0.72
27306026,Vancheeswaran,0,0,0,2,0.72
27306026,Vivek H,2,0,0,0,0.58
27306026,Siddhesh,0,0,1,0,0.72
27306026,Seenu,0,1,1,0,1.8
